Title,Upvotes,Created Time,URL
"Daily Discussion Thread for June 13, 2025",218,1749808648.0,https://www.reddit.com/r/wallstreetbets/comments/1lac0es/daily_discussion_thread_for_june_13_2025/
Weekly Earnings Thread 6/16 - 6/20,26,1749821083.0,https://i.redd.it/j2t1elsg4p6f1.jpeg
"[Axios] Israel strikes Iran: Explosions in Tehran, sirens in Israel",4390,1749773826.0,https://www.axios.com/2025/06/13/israel-strike-iran-trump-nuclear-talks
Archer Aviation (ACHR) raises $850M in private stock offering at $10.00 a share,160,1749814967.0,https://investors.archer.com/news/news-details/2025/Archer-Raises-300M-From-Leading-Institutional-Investors-To-Accelerate-Hybrid-Aircraft-Platform-Development-As-Defense-Opportunities-Look-Stronger-Than-Expected/default.aspx
"Bought 1dte spy puts, will these print?",1045,1749778365.0,https://i.redd.it/9mrdmvyfll6f1.png
Open the fucking casino!,249,1749796595.0,https://www.reddit.com/gallery/1la940c
Closing the screen today,54,1749822629.0,https://i.redd.it/ib4mfh029p6f1.jpeg
June has been very kind to me,63,1749819233.0,https://www.reddit.com/gallery/1laf6ky
I hate this game sometimes,124,1749806054.0,https://i.redd.it/3sjec9zrvn6f1.jpeg
I borrowed $5M to invest. Should I borrow more?,918,1749765396.0,https://www.reddit.com/r/wallstreetbets/comments/1l9z4yl/i_borrowed_5m_to_invest_should_i_borrow_more/
What's the Play if Iran shuts down the Strait of Hormuz?,36,1749825745.0,https://www.reddit.com/r/wallstreetbets/comments/1lahp1o/whats_the_play_if_iran_shuts_down_the_strait_of/
War is back; Netanyahu brings food for bears.,176,1749789595.0,https://i.redd.it/gxdrwk5uim6f1.jpeg
Am I doing this whole straddle thing right?,1670,1749736382.0,https://i.redd.it/nz4nw3tl4i6f1.jpeg
Bought some puts midday today,180,1749775220.0,https://www.reddit.com/gallery/1la2qi2
NuScale (SMR): The nuclear plays that's actually not retarded,22,1749817297.0,https://www.reddit.com/gallery/1laej6k
"What Are Your Moves Tomorrow, June 13, 2025",385,1749758252.0,https://www.reddit.com/r/wallstreetbets/comments/1l9w8gw/what_are_your_moves_tomorrow_june_13_2025/
Will deleting Robinhood make it go away?,10769,1749696623.0,https://i.redd.it/lbmenpqdue6f1.png
Apple delays Siri AI upgrade to Spring 2026,258,1749761669.0,https://www.bloomberg.com/news/articles/2025-06-12/apple-targets-spring-2026-for-release-of-delayed-siri-ai-upgrade
I left just a few dollars on the table /s,13,1749816888.0,https://i.redd.it/ubq2q9pzro6f1.jpeg
All in on the $kss train,8,1749824859.0,https://i.redd.it/psssz2xofp6f1.jpeg
What could these be worth if we this low üò≥ [$14K YOLO],68,1749783639.0,https://i.redd.it/6n508gk41m6f1.jpeg
bOuGhT the ToP,7,1749826985.0,https://i.redd.it/46f8rog0mp6f1.jpeg
+58k thanks to Israel,79,1749778053.0,https://www.reddit.com/gallery/1la3oi4
BBB bet aug 1st exp,7,1749821720.0,https://i.redd.it/hcyuch1d6p6f1.jpeg
Quick SPY scalp to close the week,4,1749829136.0,https://www.reddit.com/r/wallstreetbets/comments/1laj3s6/quick_spy_scalp_to_close_the_week/
Am i cooked?,42,1749784115.0,https://i.redd.it/ra1fyqij2m6f1.jpeg
YOLO,5,1749824425.0,https://www.reddit.com/gallery/1lah5rj
Are we all posting out puts?,45,1749781249.0,https://i.redd.it/mk2cd9p0ul6f1.jpeg
PLTR + War = Printing?,29,1749784994.0,https://i.redd.it/uxqtnpl55m6f1.jpeg
Sell or let it run?,321,1749739414.0,https://i.redd.it/qddwsrgmdi6f1.jpeg
UNH $$$ day gain $50 K,86,1749764424.0,https://i.redd.it/sn6z1ctwfk6f1.jpeg
Do I belong here?,36,1749780931.0,https://www.reddit.com/gallery/1la4lzn
Fuck your memes [DD],223,1749743342.0,https://www.reddit.com/r/wallstreetbets/comments/1l9pv8i/fuck_your_memes_dd/
Me buy dip right? Or me get cooked?,3,1749826686.0,https://i.redd.it/a0f8ts44lp6f1.jpeg
Coinbase beefs up subscription plan by offering it with American Express credit card,89,1749759626.0,https://www.cnbc.com/2025/06/12/coinbase-beefs-up-subscription-plan-by-offering-american-express-card.html
(CVNA) These might go crazy tomorrow,13,1749794959.0,https://i.redd.it/nvea5z3sym6f1.jpeg
"Daily Discussion Thread for June 12, 2025",436,1749722249.0,https://www.reddit.com/r/wallstreetbets/comments/1l9ijcw/daily_discussion_thread_for_june_12_2025/
"PSA: If you have massive put positions or calls on defense stocks, you might want to hedge overnight to lock in gains.",21,1749778721.0,https://www.reddit.com/gallery/1la3w8x
Chime ( NASDAQ: CHYM) Has Officially Began Trading,76,1749747696.0,https://www.reddit.com/r/wallstreetbets/comments/1l9rq6s/chime_nasdaq_chym_has_officially_began_trading/
RDDT yolo for earnings.,29,1749762630.0,https://i.redd.it/jc6hktknak6f1.jpeg
BA calls üìû,81,1749741690.0,https://www.reddit.com/gallery/1l9p6qp
"I‚Äôm loyal to the game, and the game is loyal to me too",1466,1749685318.0,https://www.reddit.com/gallery/1l97twb
Thoughts üòÖ,9,1749781670.0,https://i.redd.it/c2oft1d9vl6f1.jpeg
No emotions when trading,6,1749778982.0,https://i.redd.it/fey85fl9nl6f1.jpeg
MRK (Merck) DD To TendieTown,33,1749746848.0,https://www.reddit.com/r/wallstreetbets/comments/1l9rd24/mrk_merck_dd_to_tendietown/
$NVO - Gains - Not Selling,42,1749741454.0,https://i.redd.it/mv1x69soji6f1.jpeg
Post Puts,4,1749783398.0,https://i.redd.it/q3zoline0m6f1.jpeg
Treasury Yield Crossing 5%. What are the implications and risks,517,1749688336.0,https://www.reddit.com/r/wallstreetbets/comments/1l98vo9/treasury_yield_crossing_5_what_are_the/
PUT 360 - MSTR,5,1749782739.0,https://i.redd.it/6pk6tx1gyl6f1.jpeg
A less regarded way to play IonQ CEO shares sell off.,204,1749695543.0,https://www.reddit.com/r/wallstreetbets/comments/1l9bb44/a_less_regarded_way_to_play_ionq_ceo_shares_sell/
$TMC: Trumps Executive Order Makes Deep Sea Mining The Next Big Thing With 16 Trillion Dollars Worth Of Untapped Minerals,1795,1749650613.0,https://www.reddit.com/r/wallstreetbets/comments/1l8ti83/tmc_trumps_executive_order_makes_deep_sea_mining/
Going to hold till expiration I think. Would anyone like to comment on my tarded DD.,13,1749743111.0,https://i.redd.it/s0sutj5moi6f1.jpeg
"What Are Your Moves Tomorrow, June 12, 2025",451,1749671855.0,https://www.reddit.com/r/wallstreetbets/comments/1l92hz6/what_are_your_moves_tomorrow_june_12_2025/
PLTR yolo,1109,1749652667.0,https://i.redd.it/1vhifeio7b6f1.jpeg
"Oracle shares climb 8% as earnings, revenue top estimates",267,1749679589.0,https://www.cnbc.com/2025/06/11/oracle-orcl-q4-earnings-report-2025.html
Swing trading gone wrong: I literally timed the bottom and sold lower than Google's graph,97,1749694986.0,https://www.reddit.com/gallery/1l9b4jx
4 handle QQQ incoming,0,1749783279.0,https://i.redd.it/1iao9x220m6f1.jpeg
Oklo Surges 30% on ‚ÄòMission-Critical‚Äô Air Force Contract,199,1749672178.0,https://www.reddit.com/r/wallstreetbets/comments/1l92mxi/oklo_surges_30_on_missioncritical_air_force/
CPI for all items rises 0.1% in May; shelter up. Lighter than expected,578,1749645159.0,https://www.bls.gov/cpi/
SPY YOLO,82,1749683186.0,https://www.reddit.com/gallery/1l971yz
IonQ to buy Oxford Ionics for $1.08 billion to expand quantum computing research,24,1749704354.0,https://www.msn.com/en-us/money/companies/ionq-to-buy-oxford-ionics-for-1-08-billion-to-expand-quantum-computing-research/ar-AA1GmkJg
Snagged $28k on Intel Puts Overnight,303,1749652978.0,https://i.redd.it/re82vadi8b6f1.png
Am I cooked?,0,1749790739.0,https://i.redd.it/2qzuzol8mm6f1.jpeg
This one‚Äôs for Nana,138,1749667231.0,https://i.redd.it/sqduhvgzec6f1.jpeg
am i diversified enough,110,1749670691.0,https://i.redd.it/3puji6s9pc6f1.jpeg
McDonald's shares slip after downgrade spurred by weight-loss drug popularity,5132,1749594093.0,https://www.cbsnews.com/news/mcdonalds-downgrade-weight-loss-drugs/
"Daily Discussion Thread for June 11, 2025",503,1749635848.0,https://www.reddit.com/r/wallstreetbets/comments/1l8oo6w/daily_discussion_thread_for_june_11_2025/
VRT yolo,0,1749768112.0,https://i.redd.it/17or2idyqk6f1.jpeg
Had a good year for once,207,1749650057.0,https://www.reddit.com/gallery/1l8ta7s
"1 mil yolo guy bailed, but I'm still here..",84,1749663497.0,https://i.redd.it/ucivv8sv3c6f1.jpeg
Promised myself i would diamond hand my SQQQ YOLO no matter what after the April 9 extension. (Also Canadian so add another -8% to that),36,1749677256.0,https://www.reddit.com/gallery/1l94py0
US and China Agree to a Framework for Talks about Ideas for Talks for Negotiations on Frameworks for Starting Talks About a Deal,1968,1749599160.0,https://www.bloomberg.com/news/articles/2025-06-10/us-china-officials-say-consensus-reached-on-geneva-framework
Voyager Technologies (VOYG) IPO,76,1749662283.0,https://www.reddit.com/r/wallstreetbets/comments/1l8yf0b/voyager_technologies_voyg_ipo/
Grab Prices Upsized $1.5 Billion Convertible Notes Offering,12,1749697601.0,https://investors.grab.com/news-and-events/news-details/2025/Grab-Prices-Upsized-1-5-Billion-Convertible-Notes-Offering-2025-Vm2jzv4oEB/default.aspx
AMZN AWS YOLO,14,1749689989.0,https://i.redd.it/6n4t1linae6f1.png
+63% in 6 weeks,49,1749661339.0,https://i.redd.it/gynrmmpgxb6f1.jpeg
Chime IPO is finally happening June 12 (Ticker: CHYM),86,1749648393.0,https://www.reddit.com/r/wallstreetbets/comments/1l8snlp/chime_ipo_is_finally_happening_june_12_ticker_chym/
Discovering Opportunities In ‚ÄúSuperlongs‚Äù,50,1749659823.0,https://www.reddit.com/gallery/1l8xcwb
I did one thing. smci slapped. soun didn't. tsla is tsla.,14,1749680837.0,https://i.redd.it/muvor76xid6f1.jpeg
IONQ +18K,19,1749676426.0,https://i.redd.it/xi006ntb6d6f1.jpeg
Anyone else on the same rocket to the moon as me?,44,1749656967.0,https://i.redd.it/soin2ndekb6f1.jpeg
First ones free,40,1749656034.0,https://i.redd.it/ayjszqchhb6f1.png
GOOG calls up 158%. I was just trying to cover rent‚Ä¶,3679,1749566157.0,https://i.redd.it/k4gfjfrk146f1.jpeg
YTD chart goes regarded,39,1749649759.0,https://www.reddit.com/gallery/1l8t62g
"Nut Before You Buy: Ditch the Pre-Nut Delusion, Trade with Post-Nut Clarity?",373,1749605258.0,https://www.reddit.com/r/wallstreetbets/comments/1l8g87a/nut_before_you_buy_ditch_the_prenut_delusion/
$0.5M YOLO on CRCL,28,1749649885.0,https://i.redd.it/44yey0k8za6f1.png
TESLA TENDIES $7k ‚Äî> $15k,24,1749649632.0,https://i.redd.it/zhc81ygnya6f1.jpeg
Bonds Auction,209,1749606400.0,https://i.redd.it/xvvzfnl3e76f1.png
CRWD saving me,15,1749653902.0,https://i.redd.it/6j9xsgqcbb6f1.jpeg
Good enough to screenshot I sold,1524,1749564334.0,https://i.redd.it/td566wp0x36f1.jpeg
Are Robotaxis overhyped?,285,1749596402.0,https://www.reddit.com/r/wallstreetbets/comments/1l8d4i6/are_robotaxis_overhyped/
SMR tendies (not selling),14,1749654795.0,https://i.redd.it/368pyx70eb6f1.jpeg
TSLL $4k gain in 2 days,17,1749648953.0,https://i.redd.it/5jwcu3wmwa6f1.png
Shutterstock Receives Stockholder Approval for Proposed Merger with Getty Images,11,1749652031.0,https://www.prnewswire.com/news-releases/shutterstock-receives-stockholder-approval-for-proposed-merger-with-getty-images-302478210.html
Real question is should I go to Ibiza or Mykonos when SPY hits $620 tomorrow?,185,1749596810.0,https://i.redd.it/xqxn8s6ll66f1.jpeg
11 Bit Studios,9,1749655098.0,https://i.redd.it/krs6l7pweb6f1.jpeg
"WeLL dON't Tell anyone but InTEl did it again!   ZIPPERED traded my way into $37,774.00",251,1749589900.0,https://i.redd.it/nsagtvlu066f1.png
I fd up,0,1749741740.0,https://i.redd.it/bhqyd34gki6f1.png
CRWV losing OpenAI,1140,1749571730.0,https://www.reddit.com/r/wallstreetbets/comments/1l82phm/crwv_losing_openai/
"What Are Your Moves Tomorrow, June 11, 2025",223,1749585504.0,https://www.reddit.com/r/wallstreetbets/comments/1l88o16/what_are_your_moves_tomorrow_june_11_2025/
Okta/Tesla Partnership? Puts?,0,1749687720.0,https://i.redd.it/zkymfnmw3e6f1.jpeg
A Huge Risk: Nvidia Patent Leak,0,1749734958.0,https://www.reddit.com/r/wallstreetbets/comments/1l9mi75/a_huge_risk_nvidia_patent_leak/
Do I have to pay this or can I just delete the app?,14618,1749501291.0,https://i.redd.it/hydsu9njpy5f1.jpeg
Bought the dip,146,1749583444.0,https://i.redd.it/xnon1lduh56f1.jpeg
Should you buy the dip? I analyzed all S&P 500 companies to find what happens if we only invest in companies undergoing drawdowns.,601,1749555277.0,https://www.reddit.com/r/wallstreetbets/comments/1l7wetd/should_you_buy_the_dip_i_analyzed_all_sp_500/
"SBUX rolling out AI to help baristas with notoriously difficult tasks like remembering recipes, reading manuals, and scheduling shifts",61,1749598747.0,https://www.cnbc.com/2025/06/10/starbucks-to-roll-out-microsoft-azure-openai-assistant-for-baristas.html
Going Short on Apple,3676,1749516349.0,https://i.redd.it/682mkxtbyz5f1.jpeg
TSLA could break $330 tomorrow,91,1749587438.0,https://i.redd.it/5i2iowgvs56f1.jpeg
Sell or hold for RoboTaxi event?,93,1749584036.0,https://i.redd.it/yr78borlj56f1.jpeg
Thank you again tesler,44,1749598108.0,https://i.redd.it/0pdgxq3gp66f1.jpeg
Should I sell,279,1749562030.0,https://www.reddit.com/gallery/1l7ypst
Set it and forget it,78,1749582853.0,https://www.reddit.com/gallery/1l87js5
I like the stock,32,1749597602.0,https://i.redd.it/esrza4yxn66f1.jpeg
Is it time to give up on options?,217,1749559471.0,https://i.redd.it/3ywfq34ki36f1.jpeg
Is UNH worth investing in again?,33,1749595458.0,https://i.redd.it/fla48cdkh66f1.jpeg
At what point should i consider exercising options? Deep ITM gains,22,1749602158.0,https://i.redd.it/c7tqvdjh176f1.jpeg
Caught the massive Clifford Candle at 11:30 by accident,113,1749570232.0,https://i.redd.it/ei8b68t8e46f1.png
SOMEBODY STOP ME,6015,1749490947.0,https://www.reddit.com/gallery/1l7b87k
Give me 2 years so that I‚Äôll be worth 7 figures before I can legally drink,0,1749699916.0,https://www.reddit.com/gallery/1l9con5
"Daily Discussion Thread for June 10, 2025",226,1749549453.0,https://www.reddit.com/r/wallstreetbets/comments/1l7urn6/daily_discussion_thread_for_june_10_2025/
3 more days to print?,31,1749588130.0,https://i.redd.it/pkfo7qzrv56f1.jpeg
"It's been a good day in the market, just closed my position for some solid gains.",22,1749588236.0,https://www.reddit.com/gallery/1l89uba
Very bullish on Eli Lilly,15,1749595177.0,https://i.redd.it/9mrrr0eqg66f1.jpeg
[500K yolo] All in on IONQ after Nvidia collab,93,1749559233.0,https://i.redd.it/93zpscfuh36f1.jpeg
14k TEM YOLO,11,1749600524.0,https://i.redd.it/7n5f7rrmw66f1.jpeg
Am I cooked,0,1749658346.0,https://i.redd.it/lxi7yzakob6f1.jpeg
85% CAGR on my Covid Refunds,569,1749521023.0,https://www.reddit.com/gallery/1l7n33u
C3.ai mass engineer layoff,23,1749581064.0,https://i.redd.it/69dedckra56f1.jpeg
~$150k of $OKLO options gains,51,1749567506.0,https://www.reddit.com/r/wallstreetbets/comments/1l80wl2/150k_of_oklo_options_gains/
My $1 million investment triple up is about to double again,2635,1749488503.0,https://www.reddit.com/r/wallstreetbets/comments/1l7a5hj/my_1_million_investment_triple_up_is_about_to/
INTC finally Lip Bu Ting off??!!üöÄüöÄüöÄ,24,1749578941.0,https://i.redd.it/k67o1udg456f1.jpeg
Pray for my Gitlab plz,16,1749584963.0,https://www.reddit.com/gallery/1l88fwn
How did I do ?,16,1749585341.0,https://i.redd.it/ev9qdschn56f1.jpeg
Deez Donuts!! DNUT,19,1749575019.0,https://www.reddit.com/gallery/1l8445u
ORCL,16,1749581772.0,https://i.redd.it/v2oaufdvc56f1.jpeg
Time to short semiconductor or is it too early?? Couple other shares. I am taking easy on an options‚Ä¶.,11,1749580559.0,https://www.reddit.com/gallery/1l86jxp
Is XTIA a pump and dump?,0,1749652418.0,https://www.reddit.com/r/wallstreetbets/comments/1l8u945/is_xtia_a_pump_and_dump/
Holding TSLA for tendies!üöÄüåï,16,1749569549.0,https://i.redd.it/aszp9tbmb46f1.png
LLY always fluctuating between 750-900,9,1749584341.0,https://i.redd.it/mkpn6xaik56f1.jpeg
"Elon falling back in line, TSLA gains",13,1749572119.0,https://i.redd.it/vrys2u16k46f1.jpeg
All in on AI,0,1749653034.0,https://i.redd.it/uzf9dmqr8b6f1.jpeg
FINALLY GREEN,394,1749502891.0,https://i.redd.it/p3yr13dbuy5f1.jpeg
Warner Bros. Discovery to split into two public companies by next year,2214,1749467080.0,https://www.cnbc.com/2025/06/09/warner-bros-discovery-to-split-into-two-public-companies-by-next-year.html
"Welp, Good Bye!",190,1749514147.0,https://www.reddit.com/gallery/1l7krfz
RIVN,60,1749534316.0,https://i.redd.it/wb69mb9rf16f1.jpeg
RIP,212,1749506164.0,https://i.redd.it/w5at9ot14z5f1.jpeg
Should i hold,2,1749596402.0,https://i.redd.it/2itbizgdk66f1.jpeg
Someone on Reddit told me to do this.,857,1749472966.0,https://i.redd.it/im7his2cdw5f1.jpeg
"What Are Your Moves Tomorrow, June 10, 2025",220,1749499057.0,https://www.reddit.com/r/wallstreetbets/comments/1l7eqtc/what_are_your_moves_tomorrow_june_10_2025/
Loss for 4 consecutive months !!!,136,1749500021.0,https://www.reddit.com/gallery/1l7f643
S&P 500 has only had 1 losing month during the June/July period going back to 2016,642,1749469115.0,https://i.redd.it/ppxrr6pv1w5f1.jpeg
ACHR,77,1749509109.0,https://i.redd.it/v089e11tcz5f1.jpeg
INTC Nana‚Äôs bag finally turned green today,172,1749491957.0,https://i.redd.it/aq6gphtsxx5f1.jpeg
Nearly $10K Profit on HOOD Today:  Puts and Calls,77,1749506310.0,https://i.redd.it/p5d2dyhh4z5f1.jpeg
NVDA ATH SOON üöÄ,210,1749477253.0,https://www.reddit.com/gallery/1l75evk
Need advice. Would you hold or sell now ?,51,1749504155.0,https://i.redd.it/rdyuytq2yy5f1.jpeg
"Just bought TSLA 10% trailing stop loss, good idea???",1,1749578523.0,https://i.redd.it/7d7wmel7356f1.png
Only green today,99,1749487675.0,https://i.redd.it/vxg42ql2lx5f1.jpeg
My $4K Day,30,1749505498.0,https://www.reddit.com/gallery/1l7hhir
"Daily Discussion Thread for June 09, 2025",258,1749463047.0,https://www.reddit.com/r/wallstreetbets/comments/1l70sah/daily_discussion_thread_for_june_09_2025/
Saylor loves volatility and so do I. MSTR puts,30,1749499623.0,https://i.redd.it/uhpkvfnlky5f1.jpeg
MRVL still doing work!,25,1749500631.0,https://i.redd.it/cxwqw32lny5f1.jpeg
Are my PUTS cooked?,37,1749488581.0,https://i.redd.it/p356z4ornx5f1.jpeg
WWDC is today lock in those APPL calls üòç,130,1749463583.0,https://i.redd.it/vdo9ldoflv5f1.jpeg
"RKLB should have held all 75 contracts. Oh well, Don't feel bad about taking profits, right?",52,1749478813.0,https://www.reddit.com/gallery/1l761r9
Why Sweetgreen Is Undervalued,45,1749471177.0,https://www.reddit.com/gallery/1l736uz
WBD breakup question,14,1749498138.0,https://www.reddit.com/r/wallstreetbets/comments/1l7eca8/wbd_breakup_question/
Simple and Safe WMT entry for all,6,1749497943.0,https://i.redd.it/xuhixgfjfy5f1.jpeg
Fintech seems like it could have legs for a while and SEZL will be my dark horse for this year and beyond.,14,1749493519.0,https://www.reddit.com/gallery/1l7ccch
"What Are Your Moves Tomorrow, June 09, 2025",267,1749412653.0,https://www.reddit.com/r/wallstreetbets/comments/1l6lb09/what_are_your_moves_tomorrow_june_09_2025/
"Powell praying AI paying, boomers buying  and you wanna short this",622,1749392799.0,https://www.reddit.com/r/wallstreetbets/comments/1l6dfob/powell_praying_ai_paying_boomers_buying_and_you/
"Godzilla and Shower Formation spotted on Bitcoin Chart, Bought $350k in IBIT Calls",436,1749393282.0,https://www.reddit.com/gallery/1l6dm8d
I‚Äôll catch a nice dividend and bump in the next couple weeks. Argue with me,87,1749419134.0,https://i.redd.it/oo0125j9xr5f1.jpeg
HOOD puts YOLO,362,1749390978.0,https://i.redd.it/7ezkfnkjlp5f1.jpeg
Tariff cheat code continued,388,1749389415.0,https://i.redd.it/a7f5kkxvgp5f1.jpeg
Explain my $Uber puts like I'm Regarded please,0,1749531485.0,https://www.reddit.com/gallery/1l7qb5o
"S&P back north of 6,000. WSB bears are seething.",6437,1749306524.0,https://i.redd.it/22u60x8bmi5f1.jpeg
why GOOGL (Alphabet) is a great buy right now,518,1749351843.0,https://www.reddit.com/r/wallstreetbets/comments/1l628m7/why_googl_alphabet_is_a_great_buy_right_now/
Top Golf and Callaway spinoff,0,1749508116.0,https://www.reddit.com/r/wallstreetbets/comments/1l7ij81/top_golf_and_callaway_spinoff/
This has been a grind.,1265,1749324752.0,https://www.reddit.com/gallery/1l5t4t8
Thank you orange man!,529,1749340537.0,https://i.redd.it/5ew4g7zjfl5f1.jpeg
What‚Äôs your net worth and all time P/L?,0,1749497812.0,https://www.reddit.com/r/wallstreetbets/comments/1l7e791/whats_your_net_worth_and_all_time_pl/
$LULU gains... $LULU gains... Just love saying it!,699,1749314534.0,https://i.redd.it/keii84h8aj5f1.jpeg
Seabridge Gold YOLO,33,1749370184.0,https://i.redd.it/svjsp2gpvn5f1.jpeg
Thought Trump was gonna announce some trade deals today RIP,0,1749500235.0,https://i.redd.it/tay4zd5fmy5f1.jpeg
Boeing restarts airplane deliveries to China $BA,209,1749312656.0,https://www.reddit.com/r/wallstreetbets/comments/1l5ogp1/boeing_restarts_airplane_deliveries_to_china_ba/
#CEG FIRST 10 BAGGER!,260,1749297993.0,https://i.redd.it/vyu0fdt1xh5f1.jpeg
$KSS - 24k USD Call Option YOLO / 10$ strike July 18th,84,1749304937.0,https://i.redd.it/u5nv5q1phi5f1.jpeg
"I‚Äôm in recovery, anyone playing MRVL ?",43,1749308506.0,https://i.redd.it/1q6i53zasi5f1.jpeg
Tesla‚Äôs Head of Optimus Program Leaves Company,1341,1749242156.0,https://i.redd.it/yzodsam0bd5f1.jpeg
Verizon looks primed for a big rally.,0,1749430657.0,https://i.redd.it/orw0m6zjus5f1.png
Just bought my first yen future on Robinhood. I have no idea what I am doing. How do I exit this position?,1404,1749234207.0,https://www.reddit.com/gallery/1l4zm54
S&P Dow Jones Makes No Changes to S&P 500 in Quarterly Rebalance,501,1749251692.0,https://www.bloomberg.com/news/articles/2025-06-06/s-p-dow-jones-makes-no-changes-to-s-p-500-in-quarterly-rebalance
collecting rent from $GOOGL while I wait for the $175 breakout,112,1749280827.0,https://www.reddit.com/gallery/1l5ezk8
TIL options can be exercised 1.5 hours after the market closes.,295,1749259793.0,https://i.redd.it/28qi27ogre5f1.jpeg
SP added dow jones,422,1749248419.0,https://www.reddit.com/r/wallstreetbets/comments/1l5570v/sp_added_dow_jones/
Regard here but still thinks he can figure it out. IM NOT QUITTING!!! I got a Dream job..MAYBE this can turn around,81,1749280913.0,https://www.reddit.com/gallery/1l5f0aq
Did i find a money glitch,323,1749249731.0,https://www.reddit.com/gallery/1l55obq
"US MAY NONFARM PAYROLLS RISE 139,000, UNEMPLOYMENT 4.2%",1252,1749213387.0,https://www.reddit.com/r/wallstreetbets/comments/1l4rb8h/us_may_nonfarm_payrolls_rise_139000_unemployment/
About 5 years of losses,557,1749223826.0,https://www.reddit.com/gallery/1l4vc0x
"$1600-$13,000",256,1749237038.0,https://i.redd.it/7cdq83wsvc5f1.jpeg
"As it turns out, buying the dip has consequences",110,1749253134.0,https://i.redd.it/v0gqdmrn7e5f1.jpeg
"Weekend Discussion Thread for the Weekend of June 06, 2025",168,1749239836.0,https://www.reddit.com/r/wallstreetbets/comments/1l51uz3/weekend_discussion_thread_for_the_weekend_of_june/
Weekly Earnings Thread 6/9 (nice) - 6/13,263,1749227898.0,https://i.redd.it/9loehw0l4c5f1.jpeg
Random gamble paid off I guess ü§∑üèæ‚Äç‚ôÇÔ∏è,346,1749217717.0,https://i.redd.it/gzl6fekcab5f1.jpeg
Tesla assignment what to do,1000,1749190939.0,https://www.reddit.com/gallery/1l4lhfg
14k-> 24k RDDT calls,83,1749240087.0,https://i.redd.it/4e3cd2av4d5f1.jpeg
Scalp both sides of the tornado,1531,1749178714.0,https://i.redd.it/zm32cjcd285f1.png
Successful day at the casino,122,1749225215.0,https://www.reddit.com/gallery/1l4vwfh
Wendy‚Äôs application,101,1749227836.0,https://i.redd.it/rmtqkmtf4c5f1.jpeg
I finally became a regard.,82,1749230421.0,https://i.redd.it/x80f8a51bc5f1.jpeg
LULU lotto play üíÖ,116,1749221214.0,https://i.redd.it/ahnkg1yqkb5f1.jpeg
A little victory,29,1749248521.0,https://www.reddit.com/gallery/1l558cp
"Daily Discussion Thread for June 06, 2025",242,1749203860.0,https://www.reddit.com/r/wallstreetbets/comments/1l4okhp/daily_discussion_thread_for_june_06_2025/
Thank you papa musk and trump.$140 to $9k. YOLO,3035,1749153860.0,https://i.redd.it/mlm3qkug065f1.jpeg
Mom and Dad are fighting,46,1749235594.0,https://i.redd.it/hnrp2v7irc5f1.jpeg
"If TSLA pushes my account value above $25,000 can i sell the put i bought today? I already have 3 day trades this week.",3062,1749151322.0,https://i.redd.it/gp98u67xs55f1.jpeg
"Lululemon shares tumble 20% as it cuts full-year guidance, citing 'dynamic macroenvironment'",2281,1749156158.0,https://www.cnbc.com/2025/06/05/lululemon-lulu-earnings-q1-2025.html
MU+IQV = profit taking 12k,55,1749222911.0,https://www.reddit.com/gallery/1l4uyjb
LULU lotto win,69,1749217827.0,https://www.reddit.com/r/wallstreetbets/comments/1l4sx7t/lulu_lotto_win/
SPY 600 Puts,22,1749236028.0,https://i.redd.it/loegpahssc5f1.jpeg
Bought some robinhood option lets go,24,1749234192.0,https://i.redd.it/tmui927cnc5f1.jpeg
Do you believe in MARAcalls? $15k MARA yolo,26,1749231583.0,https://i.redd.it/ad11a8ykfc5f1.jpeg
Quantum Super(bad)position,30,1749228986.0,https://i.redd.it/tuo515uu7c5f1.jpeg
What should I draw next?,50,1749218662.0,https://i.redd.it/dwsot4p5db5f1.jpeg
Zucc gains so good I almost forgot the meta-verse,51,1749218229.0,https://i.redd.it/mlq4sacvbb5f1.png
Been lucky last month,14,1749238035.0,https://i.redd.it/0cdpivhryc5f1.jpeg
271% on IQV Calls. Let it cook,31,1749219765.0,https://i.redd.it/ux040swwfb5f1.jpeg
$72.7K Profit on TSLA Puts Today Because Elon Can‚Äôt Help Himself and TSLA Bulls are in a Cult,452,1749166320.0,https://i.redd.it/laimbrji175f1.jpeg
TSLA Puts into RKLB calls,27,1749222100.0,https://i.redd.it/79e3wgsdnb5f1.jpeg
Braze earnings,8,1749249644.0,https://i.redd.it/twptqo8axd5f1.png
Electric,648,1749157110.0,https://www.reddit.com/gallery/1l4afr9
300%+ $DOCU Gains - Going to blow it on something stupid,18,1749221846.0,https://i.imgur.com/e541uQ5.jpeg
Small goal reached! SPY profit arrived!,22,1749218326.0,https://i.redd.it/5lf1n7t4cb5f1.png
Am I a regard?,307,1749164396.0,https://i.redd.it/vrzitvrsv65f1.jpeg
Going to ride the wave back up on Docusign and $Lulu with a bit of vix.,13,1749226097.0,https://www.reddit.com/gallery/1l4w9tg
"$4000 gains overnight on $DELL, $U, $META, $TOST, $TSLA, $CSX",14,1749222575.0,https://i.redd.it/4j4yu5uaob5f1.jpeg
RKLB go brrrrrr,360,1749157552.0,https://www.bloomberg.com/news/articles/2025-06-05/musk-says-spacex-to-decommission-dragon-spacecraft-immediately-mbjtsokw
Should I get out my Tesla 365 calls that expire the 20th? I bought 50k worth when Tesla was at 364,465,1749151591.0,https://i.redd.it/y66ci5tpt55f1.jpeg
TSLA breakdown = absolute money printer,491,1749148935.0,https://i.redd.it/btcxzumrl55f1.jpeg
$61k TSLA Puts,929,1749135369.0,https://www.reddit.com/r/wallstreetbets/comments/1l419w0/61k_tsla_puts/
Perfectly Timed Tesla Puts (Gain and DD),177,1749167023.0,https://www.reddit.com/gallery/1l4e6mf
SOXS  Continue to work against the market,2,1749249002.0,https://i.redd.it/nvunuoc4vd5f1.png
"TSLA 36k gain - played robotaxi, got a public breakup",229,1749155497.0,https://i.redd.it/0fvy8h4c565f1.jpeg
Faneto,81,1749175688.0,https://www.reddit.com/gallery/1l4h0l1
"What Are Your Moves Tomorrow, June 06, 2025",238,1749153453.0,https://www.reddit.com/r/wallstreetbets/comments/1l48xvn/what_are_your_moves_tomorrow_june_06_2025/
"TSLA's put spread strategy resulted in a huge profit of over 230,000$. This operation left me speechless!",277,1749149331.0,https://www.reddit.com/gallery/1l477p2
Thank You Regards üìà,82,1749168566.0,https://i.redd.it/qpsgux27875f1.jpeg
RCL has been good to me,6,1749226542.0,https://www.reddit.com/r/wallstreetbets/comments/1l4wgbf/rcl_has_been_good_to_me/
104k Weed/REIT Yolo - Want to Turn This into 690k+,7,1749221474.0,https://www.reddit.com/r/wallstreetbets/comments/1l4udbm/104k_weedreit_yolo_want_to_turn_this_into_690k/
Switching from options to shares changed everything,152,1749152737.0,https://www.reddit.com/gallery/1l48n8f
CRCL IPO GAINZ,33,1749181944.0,https://i.redd.it/ptpeze5zb85f1.jpeg
what do i do? hold till tomorrow or sell now?,149,1749151832.0,https://i.redd.it/gm86wwvfu55f1.jpeg
"Last week bought a bunch of calls, lost 3k. Today i made 5.7k with TSLA puts in 1 hour",147,1749150689.0,https://i.redd.it/bh3f0kh1r55f1.jpeg
And the cycle continues,24599,1749058550.0,https://i.redd.it/m5wdcyb25y4f1.jpeg
Even the üåà Mods are making money in this market.,139,1749147682.0,https://i.redd.it/gfh0nhh3i55f1.jpeg
My biggest gain just got even bigger,3,1749222144.0,https://www.reddit.com/gallery/1l4unc2
My Put today once I say the ‚ÄúElon I‚Äôm disappointed in you‚Äù :) I sold right before market closed :) I did good!!!,47,1749167469.0,https://i.redd.it/al4kjirx475f1.jpeg
RKLB 8k yolo,70,1749158023.0,https://www.reddit.com/r/wallstreetbets/comments/1l4atgn/rklb_8k_yolo/
RKLB YOLO. Destination? Tendieland,61,1749158531.0,https://i.redd.it/0i57jtotd65f1.png
PEPG,2,1749223230.0,https://www.reddit.com/gallery/1l4v393
$PY gains from Tuesday to cheer you up,13,1749187369.0,https://i.redd.it/v8d83vx3s85f1.jpeg
500% gain on NBIS call. Many thanks to this subreddit.,180,1749134857.0,https://i.redd.it/qdtt9g7yf45f1.jpeg
Cloudflare ($NET) the next $PLTR?,239,1749130595.0,https://www.reddit.com/r/wallstreetbets/comments/1l3zdv7/cloudflare_net_the_next_pltr/
Broadcom beats on earnings and revenue,51,1749156214.0,https://www.cnbc.com/2025/06/05/broadcom-avgo-earnings-report-q2-2025.html
I'm fucking done. Fuck options.,4366,1749069288.0,https://www.reddit.com/r/wallstreetbets/comments/1l3gbz9/im_fucking_done_fuck_options/
It‚Äôs been a good morning!,96,1749142325.0,https://i.redd.it/619jg956255f1.jpeg
US Labor Department reducing CPI collection sample amid hiring freeze,1068,1749094398.0,https://www.reddit.com/r/wallstreetbets/comments/1l3pb17/us_labor_department_reducing_cpi_collection/
Thank you Lulu,28,1749165221.0,https://i.redd.it/vf8dqv09y65f1.jpeg
Elon Sneezed and My Puts Doubled  $TSLA Be Like That,47,1749154082.0,https://i.redd.it/c95irog2165f1.jpeg
Thank you Elon and trump üôèüôè,49,1749153438.0,https://www.reddit.com/gallery/1l48xmm
Keep the beef up,44,1749155484.0,https://i.redd.it/hcegqupa565f1.jpeg
TSLA PUTS & SPY PUTS,21,1749167468.0,https://i.redd.it/kru3a4nx475f1.jpeg
Made it out the gulag twice,89,1749137730.0,https://www.reddit.com/gallery/1l429wf
W or L chat?,0,1749238891.0,https://i.redd.it/zreg9j5b1d5f1.jpeg
"Daily Discussion Thread for June 05, 2025",236,1749117439.0,https://www.reddit.com/r/wallstreetbets/comments/1l3v9pt/daily_discussion_thread_for_june_05_2025/
33k TSLA Put,41,1749150111.0,https://i.redd.it/7r73p6jbp55f1.jpeg
5k->14k->5k in a few minutes. Do i belong here?,37,1749152250.0,https://www.reddit.com/gallery/1l48g6s
$TSLA Puts.. 50% gains in 10 days..,85,1749133723.0,https://i.redd.it/75zciw3lc45f1.jpeg
"My first gain post, thanks for throwing your heart out to the crowd Elon",33,1749149394.0,https://i.redd.it/8s3rzpw6n55f1.jpeg
$HOOD Gains (+$82.6k),626,1749092255.0,https://i.redd.it/w4132pcax05f1.jpeg
my HOOD spy inclusion bet,60,1749135917.0,https://i.redd.it/wxss2g64j45f1.jpeg
$21k Nvidia Gain,21,1749157626.0,https://www.reddit.com/gallery/1l4anl5
$PLTR PUTS.. Quick 70% Profit,47,1749140880.0,https://i.redd.it/wwqsd3cvx45f1.jpeg
Lucky or smart?,47,1749140482.0,https://www.reddit.com/gallery/1l43g29
Surfed the drama.,19,1749158053.0,https://i.redd.it/9uqdhxsxc65f1.jpeg
Caught the CRWV dump with 140P   $18k gain today. Anyone else riding this AI overhype unwind?,25,1749150960.0,https://i.redd.it/zspl4ybtr55f1.jpeg
Bears are still alive and well,23,1749150103.0,https://i.redd.it/fywq2xl6p55f1.jpeg
Any body get TSLA put ?,26,1749146638.0,https://i.redd.it/6p4oggize55f1.jpeg
Thank you mango market! $10k (CAD) gain today,15,1749157925.0,https://i.redd.it/opl4vfgz865f1.png
Avgo,6,1749176710.0,https://i.redd.it/ulj1wc9ew75f1.jpeg
Thank You NVDA and META ! Time to diversify and slow down for the summer. What you all regards think ?,47,1749131786.0,https://www.reddit.com/gallery/1l3zu4d
"In Honor of Losing Emojis - Upscaled Thomas for You to Print, Frame, and Put on Your Desk to Help Watch You Lose Money.",808,1749074739.0,https://i.redd.it/co20szvpgz4f1.jpeg
I Turned $15K into $353k‚Ä¶ Then Lit It All on Fire in 2 Weeks. I‚Äôm Reborn. I‚Äôm Broken. I‚Äôm Back.,8388,1749027378.0,https://v.redd.it/1tjrefedkv4f1
NBIS $6000 gains overnight!,34,1749131417.0,https://i.redd.it/eubla64h545f1.jpeg
"You favorite neo cloud company, NBIS PT 100$",25,1749135996.0,https://i.redd.it/8jvbrrocj45f1.jpeg
Held to avoid being marked a PDT,10,1749153662.0,https://i.redd.it/s1mdwjgvz55f1.jpeg
Hmmmm‚Ä¶let‚Äôs call it luck,11,1749147706.0,https://i.redd.it/22lxj046i55f1.jpeg
Made 100% on $25K RBLX bet in a week,17,1749138300.0,https://www.reddit.com/gallery/1l42iie
"Reddit Sues Anthropic, Alleges Unauthorized Use of Site‚Äôs Data",746,1749060301.0,https://www.wsj.com/tech/ai/reddit-lawsuit-anthropic-ai-3b9624dd
Should I put the fries in the bag,5,1749155984.0,https://i.redd.it/rykwcw8s665f1.jpeg
Any silver bugs here? GDXJ calls. 10K yolo,11,1749141018.0,https://i.redd.it/stwsz79ay45f1.jpeg
How cooked am I??,175,1749083332.0,https://i.redd.it/vcx6sh3r605f1.jpeg
UNH easiest play of the year,632,1749055766.0,https://www.reddit.com/r/wallstreetbets/comments/1l3akkw/unh_easiest_play_of_the_year/
1.3m $RDDT Bet - Too Many Ways to Win,874,1749048784.0,https://www.reddit.com/r/wallstreetbets/comments/1l37l3m/13m_rddt_bet_too_many_ways_to_win/
Have I earned my WSB Wings?,9,1749145836.0,https://www.reddit.com/r/wallstreetbets/comments/1l45qb7/have_i_earned_my_wsb_wings/
SPY vs SPX,257,1749068962.0,https://www.reddit.com/r/wallstreetbets/comments/1l3g733/spy_vs_spx/
Dollar Tree Falls 10% on Tariff-Driven Earnings Warning Despite Higher-Income Shopper Surge,192,1749070701.0,https://www.reddit.com/r/wallstreetbets/comments/1l3gwp0/dollar_tree_falls_10_on_tariffdriven_earnings/
Gigacloud Technology Gigachad Yolo,7,1749139212.0,https://i.redd.it/at5omfrws45f1.jpeg
SPY @ 597.43 YOLO,8,1749132239.0,https://i.redd.it/cf589df6845f1.jpeg
$401K Gains YTD With 88.5%,604,1749040822.0,https://www.reddit.com/gallery/1l34itv
AVGO 6/27 bull spread,2,1749164735.0,https://i.redd.it/h5xozk3tw65f1.jpeg
"What Are Your Moves Tomorrow, June 05, 2025",153,1749067028.0,https://www.reddit.com/r/wallstreetbets/comments/1l3fdob/what_are_your_moves_tomorrow_june_05_2025/
"Update: Didn‚Äôt sell yesterday, sold today  still made it out alive üöÄü§ë",114,1749069742.0,https://i.redd.it/am7vsys32z4f1.jpeg
I will win,65,1749078858.0,https://i.redd.it/ykoq670gtz4f1.jpeg
$BULL calls,54,1749082711.0,https://i.redd.it/sioc1ppw405f1.jpeg
China Weighs Ordering Hundreds of Airbus Jets in Major Deal,1105,1749022561.0,https://www.bloomberg.com/news/articles/2025-06-04/china-considers-ordering-hundreds-of-airbus-jets-in-major-deal
I am about to puke,541,1749032330.0,https://i.redd.it/2k19all3zv4f1.jpeg
What does SSS mean?,1,1749148724.0,https://i.redd.it/4d2zr457l55f1.jpeg
I think it‚Äôs time for PLTR to come back to earth for a bit,49,1749074568.0,https://i.redd.it/tjyfis2pgz4f1.jpeg
We Are All So Incredibly Regarded.  This Subreddit is a Fucking Dumpster Fire.,0,1749148085.0,https://i.redd.it/i6x1wcqaj55f1.jpeg
Whats my next long term stock after reaching 1k shares in NVDA?,209,1749038438.0,https://i.redd.it/lnd3q8b9hw4f1.jpeg
$apld yolo $15k,46,1749068002.0,https://www.reddit.com/gallery/1l3fsnn
Biggest gain ever for me here,79,1749057149.0,https://www.reddit.com/gallery/1l3b68p
5 years of grinding. Back to 0 baby,1811,1748992897.0,https://i.redd.it/7bvxygeups4f1.jpeg
NFLX puts are poetry.,49,1749063511.0,https://i.redd.it/nlx7npetjy4f1.jpeg
$APLD: This ain‚Äôt a stock. It‚Äôs a launchpad. Public Pureplay on the AI Bottleneck.,117,1749043460.0,https://www.reddit.com/r/wallstreetbets/comments/1l35hg0/apld_this_aint_a_stock_its_a_launchpad_public/
"Daily Discussion Thread for June 04, 2025",202,1749031047.0,https://www.reddit.com/r/wallstreetbets/comments/1l31lk5/daily_discussion_thread_for_june_04_2025/
PLTR Gain $13K -> $72K,73,1749050063.0,https://i.redd.it/qbay8edlfx4f1.png
SanDisk ($SNDK) due diligence DD,80,1749049019.0,https://www.reddit.com/r/wallstreetbets/comments/1l37omv/sandisk_sndk_due_diligence_dd/
Trump to sign a directive today formally raising steel and aluminum tariffs to 50% from 25%,3425,1748973996.0,https://www.bloomberg.com/news/articles/2025-06-03/trump-to-sign-order-hiking-steel-aluminum-tariffs-to-50-percent
14k -> 21k RDDT calls,54,1749054891.0,https://i.redd.it/7huqano6ux4f1.jpeg
Didn‚Äôt touch it. Didn‚Äôt stress. Now we print.,59,1749050949.0,https://www.reddit.com/gallery/1l38ijh
The result of the gambler's skill combined with luck,60,1749050051.0,https://www.reddit.com/gallery/1l384yi
I'm such a cxm slxt for soxl,19,1749067067.0,https://i.redd.it/qxfg3b1euy4f1.jpeg
Taking a shot in the dark,25,1749065166.0,https://i.redd.it/0h5ty87qoy4f1.jpeg
Any near-term weakness in the S&P 500 will provide a ‚Äúbuy-low‚Äù opportunity,61,1749045553.0,https://i.redd.it/dpa4z88e2x4f1.png
RTX's Raytheon awarded $1.1 billion U.S. Navy contract to produce AIM-9X Block II missiles,34,1749056742.0,https://www.reddit.com/r/wallstreetbets/comments/1l3azxm/rtxs_raytheon_awarded_11_billion_us_navy_contract/
What if Peter Beck had the infinity stones with Ultron AI shorting the housing market,16,1749066593.0,https://www.reddit.com/gallery/1l3f78q
"Was walking by and saw the place, figured I'd stop in and have a drink.",369,1749006376.0,https://i.redd.it/06vsemcxtt4f1.jpeg
APLD YOLO,27,1749054645.0,https://i.redd.it/wnr7cwdgtx4f1.jpeg
Throwing it all on 0DTEs Again,69,1749037570.0,https://i.redd.it/mnrlzegoew4f1.jpeg
Intc,23,1749055575.0,https://i.redd.it/7i1y42u7wx4f1.jpeg
First Ten bagger (leap),115,1749019149.0,https://i.redd.it/dhu5wygwvu4f1.jpeg
Thoughts on Lidar stocks in light of Waymo's success,10,1749066539.0,https://www.reddit.com/r/wallstreetbets/comments/1l3f6gn/thoughts_on_lidar_stocks_in_light_of_waymos/
ATYR shares taking off,38,1749035963.0,https://i.redd.it/c22l0miw9w4f1.jpeg
Gainz $ATYR,31,1749037475.0,https://i.redd.it/l7pvtpaeew4f1.jpeg
i said ath in june,601,1748978553.0,https://i.redd.it/ec61h5w6jr4f1.jpeg
I hope you bought TSLA 284. This is a üëçplay to show the news is fake between the 2; Wait for the handshake on the news next few days!,0,1749154083.0,https://i.redd.it/wrbsmkq4165f1.jpeg
That‚Äôs it. I quit.,1265,1748961670.0,https://i.redd.it/i1unmddz4q4f1.jpeg
Typical middle of the day panic meltdown yolo,9043,1748921293.0,https://i.redd.it/b8vrw5exsm4f1.jpeg
"I know this is nothing compared to people who know what they're doing, but I'm proud of this.",338,1748979650.0,https://i.redd.it/b0k6e2l8mr4f1.png
Should I end it all?,668,1748965585.0,https://www.reddit.com/gallery/1l2fbgf
Solidarity with the other guy posting GOOG call daily,116,1748998640.0,https://i.redd.it/kwm1wd7x6t4f1.jpeg
Dollar General is the grocer of my ancestors (too poor for Walmart),187,1748987959.0,https://i.redd.it/uteudpt5bs4f1.jpeg
TSLL $14k gain,6,1749054165.0,https://i.redd.it/zo0i3zx0sx4f1.png
"What Are Your Moves Tomorrow, June 04, 2025",210,1748980669.0,https://www.reddit.com/r/wallstreetbets/comments/1l2lnhi/what_are_your_moves_tomorrow_june_04_2025/
CrowdStrike drops 6.7% on weak Q2 forecast amid soft tech spending,157,1748984251.0,https://www.reddit.com/r/wallstreetbets/comments/1l2n70h/crowdstrike_drops_67_on_weak_q2_forecast_amid/
PLTR: The Most Overvalued Stock in History,1544,1746397204.0,https://www.reddit.com/r/wallstreetbets/comments/1kew2vw/pltr_the_most_overvalued_stock_in_history/
I sure hope my driver hasn‚Äôt been drinking ,69309,1728878627.0,https://i.redd.it/vxmrdnfsbnud1.jpeg
Waiting for Tesla to hit $170?,1,1697741643.0,https://www.reddit.com/r/wallstreetbets/comments/17bqk15/waiting_for_tesla_to_hit_170/
For those who think War is bullish.,916,1696848529.0,https://i.redd.it/pyuqr25up5tb1.png
Dry-Drink Portfolio Guide to Leveraged Smart-Beta,638,1618782884.0,https://www.reddit.com/r/wallstreetbets/comments/mtmfkk/drydrink_portfolio_guide_to_leveraged_smartbeta/
